<?xml version="1.0" encoding="UTF-8"?>
<project-private xmlns="http://www.netbeans.org/ns/project-private/1">
    <editor-bookmarks xmlns="http://www.netbeans.org/ns/editor-bookmarks/2" lastBookmarkId="0"/>
    <open-files xmlns="http://www.netbeans.org/ns/projectui-open-files/2">
        <group>
            <file>file:/C:/Users/l3xfrant3s/Mi%20unidad/Cosas%20que%20hago%20en%20VS%20Code/PRO/UT9/ExamenUT9AFR/src/examenut9afr/ExamenUT9AFR.java</file>
            <file>file:/C:/Users/l3xfrant3s/Mi%20unidad/Cosas%20que%20hago%20en%20VS%20Code/PRO/UT9/ExamenUT9AFR/src/examenut9afr/Empleado.java</file>
            <file>file:/C:/Users/l3xfrant3s/Mi%20unidad/Cosas%20que%20hago%20en%20VS%20Code/PRO/UT9/ExamenUT9AFR/src/examenut9afr/GestorFichero.java</file>
            <file>file:/C:/Users/l3xfrant3s/Mi%20unidad/Cosas%20que%20hago%20en%20VS%20Code/PRO/UT9/ExamenUT9AFR/src/examenut9afr/DNIIncorrectoException.java</file>
        </group>
    </open-files>
</project-private>
