<?xml version="1.0" encoding="UTF-8"?>
<!DOCTYPE videoclub [
    <!ELEMENT videoclub (almacen)>
        <!ELEMENT almacen (pelicula|serie|videojuego)*>
            <!ELEMENT pelicula (nombre, anio, director+, disponible?)>
                <!ELEMENT nombre (#PCDATA)>
                <!ELEMENT anio (#PCDATA)>
                <!ELEMENT director EMPTY>
                <!ATTLIST director nombre CDATA #REQUIRED>
                <!ELEMENT disponible EMPTY>
            <!ELEMENT serie (nombre, temporada+)>
                <!ELEMENT temporada (numTemporada, director+, anio, disponible?)>
                    <!ELEMENT numTemporada (#PCDATA)>
            <!ELEMENT videojuego (nombre, compania, plataforma+, anio, disponible?)>
                <!ELEMENT compania (#PCDATA)>
                <!ELEMENT plataforma (#PCDATA)>

]>
<videoclub>
    <almacen>
        <pelicula>
            <nombre>Seven</nombre>
            <anio>1995</anio>
            <director nombre="David Fincher"/>
            <disponible />
        </pelicula>
        <pelicula>
            <nombre>The social network</nombre>
            <anio>2010</anio>
            <director nombre="David Fincher" />
        </pelicula>
        <videojuego>
            <nombre>Dirt Rally</nombre>
            <compania>Codemasters</compania>
            <plataforma>PlayStation</plataforma>
            <plataforma>Xbox</plataforma>
            <anio>2015</anio>
        </videojuego>
        <pelicula>
            <nombre>The Untouchables</nombre>
            <anio>1987</anio>
            <director nombre="Brian De Palma"></director>
            <disponible />
        </pelicula>
        <serie>
            <nombre>Cobra Kai</nombre>
            <temporada>
                <numTemporada>1</numTemporada>
                <director nombre="Joe Piarulli"></director>
                <anio>2018</anio>
                <disponible />
            </temporada>
            <temporada>
                <numTemporada>2</numTemporada>
                <director nombre="Luan Thomas"></director>
                <director nombre="Josh Heald"></director>
                <anio>2019</anio>
                <disponible />
            </temporada>
            <temporada>
                <numTemporada>3</numTemporada>
                <director nombre="Josh Heald"></director>
                <anio>2020</anio>
            </temporada>
        </serie>
        <videojuego>
            <nombre>Crusader Kings II</nombre>
            <compania>Paradox Interactive</compania>
            <plataforma>PC-Steam</plataforma>
            <anio>2012</anio>
            <disponible />
        </videojuego>
        <pelicula>
            <nombre>Snatch: cerdos y diamantes</nombre>
            <anio>2000</anio>
            <director nombre="Guy Ritchie"></director>
        </pelicula>
        <pelicula>
            <nombre>The Matrix</nombre>
            <anio>1999</anio>
            <director nombre="Lana Wachowski" />
            <director nombre="Lilly Wachowski" />
        </pelicula>
        <videojuego>
            <nombre>Ratchet y Clank</nombre>
            <compania>insomniac Games</compania>
            <plataforma>Playstation</plataforma>
            <anio>2000</anio>
        </videojuego>
    </almacen>
</videoclub>
