<?xml version="1.0"?>
<person xmlns:xhtml="http://www.w3.org/1999/xhtml">
    <name>
        <title>Don</title>
        <first>Juan</first>
        <middle>García</middle>
        <last>Pérez</last>
    </name>
    <position>Vicepresidente de Marketing</position>
    <resume>
        <xhtml:html>
            <xhtml:head>
                <xhtml:title>Resumen de Juan García Pérez</xhtml:title>
            </xhtml:head>
            <xhtml:body>
                <xhtml:h1>Juan García</xhtml:h1>
                <xhtml:p>Juan es una buena persona,¿No?</xhtml:p>
            </xhtml:body>
        </xhtml:html>
    </resume>
</person>

<!--Al usar http://www.w3.org/1999/xhtml, todo lo que tiene el espacio de nombre xhtml se convierte en código
    html que se puede visualizar en el navegador-->
<!--Si lo cambio por otra cosa, como podría ser http://www.otracosa.org/1999/xhtml, se muestra en el navegador
    de la forma predeterminada, que es mostrando el XML directamente-->