<TVSCHEDULE NAME="My TV Schedule"
xmlns="https://www.l3xfrant3s.com"
xmlns:xsi="http://www.w3.org/2001/XMLSchema-instance"
xsi:schemaLocation="https://www.l3xfrant3s.com tvschedule.xsd">
    <CHANNEL CHAN="ABC">
        <BANNER>ABC's Schedule</BANNER>
        <DAY>
            <DATE>2023-04-24</DATE>
            <PROGRAMSLOT VTR="A1">
                <TIME>20:00:00</TIME>
                <TITLE RATING="TV-G" LANGUAGE="en">Family Show</TITLE>
                <DESCRIPTION>A show for the whole family.</DESCRIPTION>
            </PROGRAMSLOT>
            <PROGRAMSLOT>
                <TIME>21:00:00</TIME>
                <TITLE>Romantic Comedy</TITLE>
            </PROGRAMSLOT>
        </DAY>
        <DAY>
            <DATE>2023-04-25</DATE>
            <HOLIDAY>Memorial Day</HOLIDAY>
        </DAY>
    </CHANNEL>
    <CHANNEL CHAN="NBC">
        <BANNER>NBC's Schedule</BANNER>
        <DAY>
            <DATE>2023-04-24</DATE>
            <PROGRAMSLOT>
                <TIME>20:00:00</TIME>
                <TITLE RATING="TV-14">Crime Drama</TITLE>
                <DESCRIPTION>A crime drama.</DESCRIPTION>
            </PROGRAMSLOT>
            <PROGRAMSLOT>
                <TIME>21:00:00</TIME>
                <TITLE RATING="TV-MA">Mature Show</TITLE>
            </PROGRAMSLOT>
        </DAY>
        <DAY>
            <DATE>2023-04-25</DATE>
            <HOLIDAY>Memorial Day</HOLIDAY>
        </DAY>
    </CHANNEL>
</TVSCHEDULE>